id,label
1,"lorem"
2,"ipsum"
3,"dolor"
4,"sit"
5,"amet"
6,"consectetur"
7,"adipiscing"
8,"elit"
9,"phasellus"
10,"pretium"
11,"neque"
12,"a"
13,"accumsan"
14,"tincidunt"
15,"urna"
16,"sem"
17,"maximus"
18,"turpis"
19,"ut"
20,"consequat"
21,"odio"
22,"est"
23,"non"
24,"metus"
25,"nunc"
26,"at"
27,"urna"
28,"eget"
29,"lorem"
30,"facilisis"
31,"placerat"
32,"integer"
33,"gravida"
34,"lobortis"
35,"ex"
36,"ac"
37,"sollicitudin"
38,"vivamus"
39,"at"
40,"risus"
41,"faucibus"
42,"faucibus"
43,"metus"
44,"in"
45,"venenatis"
46,"mi"
47,"proin"
48,"in"
49,"turpis"
50,"ipsum"
